{
  "collection_name": "memoria",
  "total_documents": 16076,
  "embedding_dimensions": 384,
  "distance_metric": "cosine",
  "sample_size": 100,
  "embedding_norms": {
    "mean": 1.0000000129125939,
    "std": 2.5404320662223838e-08,
    "min": 0.999999954591394,
    "max": 1.0000000860330465
  },
  "vector_space_density": 0.48964315074599835,
  "degenerate_vectors": 0,
  "index_type": "unknown",
  "is_healthy": true,
  "timestamp": "2026-01-28T01:19:44.937332"
}